{"cameraMode":{"drawMode":0,"name":"Shaded","section":"Shading Mode"},"sceneLighting":true,"audioPlay":false,"sceneViewState":{"showFog":true,"showMaterialUpdate":false,"showSkybox":true,"showFlares":true,"showImageEffects":true,"showParticleSystems":true},"in2DMode":false,"pivot":{"x":2.412177085876465,"y":0.4942924976348877,"z":-0.3608536720275879},"rotation":{"x":0.13609367609024049,"y":-0.7032100558280945,"z":0.13998712599277497,"w":0.6836510300636292},"size":6.70366907119751,"orthographic":true}